"Reference","Qty","Value","DNP","Exclude from BOM","Exclude from Board","Exclude from Simulation","Exclude from Position Files","Footprint","Datasheet"
"C5,C7","2",".1uF","","","","","${EXCLUDE_FROM_POS_FILES}","Capacitor_SMD:C_0603_1608Metric",""
"C6,C8","2","10uF","","","","","${EXCLUDE_FROM_POS_FILES}","Capacitor_SMD:C_1206_3216Metric",""
"D1,D2,D3,D4,D5","5","LED","","","","","${EXCLUDE_FROM_POS_FILES}","",""
"D8,D9,D10,D11","4","D","","","","","${EXCLUDE_FROM_POS_FILES}","Diode_THT:D_DO-35_SOD27_P7.62mm_Horizontal",""
"F6,F7,F8,F9,F10","5","Fuse","","","","","${EXCLUDE_FROM_POS_FILES}","",""
"J1","1","48V input","","","","","${EXCLUDE_FROM_POS_FILES}","Package_SON:WSON-8-1EP_6x5mm_P1.27mm_EP3.4x4mm",""
"J2","1","USB_C_Receptacle_Pi_Power","","","","","${EXCLUDE_FROM_POS_FILES}","Module:Arduino_UNO_R2","https://www.usb.org/sites/default/files/documents/usb_type-c.zip"
"J4","1","USB_C_Receptacle_Spare_power","","","","","${EXCLUDE_FROM_POS_FILES}","Module:Arduino_UNO_R2","https://www.usb.org/sites/default/files/documents/usb_type-c.zip"
"J5","1","Buck 48/24","","","","","${EXCLUDE_FROM_POS_FILES}","",""
"J6","1","Buck 24/12","","","","","${EXCLUDE_FROM_POS_FILES}","",""
"J7","1","Buck 24/5","","","","","${EXCLUDE_FROM_POS_FILES}","",""
"J8","1","Buck 12/3v3","","","","","${EXCLUDE_FROM_POS_FILES}","",""
"J9","1","24V output","","","","","${EXCLUDE_FROM_POS_FILES}","Button_Switch_THT:SW_Slide-03_Wuerth-WS-SLTV_10x2.5x6.4_P2.54mm",""
"J10","1","12V output","","","","","${EXCLUDE_FROM_POS_FILES}","Button_Switch_THT:SW_Slide-03_Wuerth-WS-SLTV_10x2.5x6.4_P2.54mm",""
"J11","1","5V output","","","","","${EXCLUDE_FROM_POS_FILES}","Button_Switch_THT:SW_Slide-03_Wuerth-WS-SLTV_10x2.5x6.4_P2.54mm",""
"J12","1","3V3 output","","","","","${EXCLUDE_FROM_POS_FILES}","Button_Switch_THT:SW_Slide-03_Wuerth-WS-SLTV_10x2.5x6.4_P2.54mm",""
"J13","1","Steering Bus Bar","","","","","${EXCLUDE_FROM_POS_FILES}","Button_Switch_THT:SW_Slide-03_Wuerth-WS-SLTV_10x2.5x6.4_P2.54mm",""
"J14","1","Drive Bus Bar","","","","","${EXCLUDE_FROM_POS_FILES}","Button_Switch_THT:SW_Slide-03_Wuerth-WS-SLTV_10x2.5x6.4_P2.54mm",""
"J15","1","Arm Bus Bar","","","","","${EXCLUDE_FROM_POS_FILES}","Button_Switch_THT:SW_Slide-03_Wuerth-WS-SLTV_10x2.5x6.4_P2.54mm",""
"J16","1","Pi_48V_Ctrl","","","","","${EXCLUDE_FROM_POS_FILES}","Button_Switch_THT:SW_Slide-03_Wuerth-WS-SLTV_10x2.5x6.4_P2.54mm",""
"J17","1","Spare 48V port","","","","","${EXCLUDE_FROM_POS_FILES}","Button_Switch_THT:SW_Slide-03_Wuerth-WS-SLTV_10x2.5x6.4_P2.54mm",""
"Q1","1","Arm ctrl","","","","","${EXCLUDE_FROM_POS_FILES}","Package_TO_SOT_SMD:TDSON-8-1","https://www.mouser.fr/datasheet/2/308/FDMS86150ET100-D-1807744.pdf"
"Q2","1","Steer ctrl","","","","","${EXCLUDE_FROM_POS_FILES}","Package_TO_SOT_SMD:TDSON-8-1","https://www.mouser.fr/datasheet/2/308/FDMS86150ET100-D-1807744.pdf"
"Q3","1","Drive ctrl","","","","","${EXCLUDE_FROM_POS_FILES}","Package_TO_SOT_SMD:TDSON-8-1","https://www.mouser.fr/datasheet/2/308/FDMS86150ET100-D-1807744.pdf"
"Q4","1","Spare ctrl","","","","","${EXCLUDE_FROM_POS_FILES}","Package_TO_SOT_SMD:TDSON-8-1","https://www.mouser.fr/datasheet/2/308/FDMS86150ET100-D-1807744.pdf"
"R1","1","22kOhm","","","","","${EXCLUDE_FROM_POS_FILES}","Package_DIP:DIP-8_W7.62mm",""
"R2","1","150Ohm","","","","","${EXCLUDE_FROM_POS_FILES}","Package_DIP:DIP-8_W7.62mm",""
"R3","1","330Ohm","","","","","${EXCLUDE_FROM_POS_FILES}","Package_DIP:DIP-8_W7.62mm",""
"R4","1","1kOhm","","","","","${EXCLUDE_FROM_POS_FILES}","Package_DIP:DIP-8_W7.62mm",""
"R5","1","2.7kOhm","","","","","${EXCLUDE_FROM_POS_FILES}","Package_DIP:DIP-8_W7.62mm",""
"R10,R11,R20,R21","4","5.1kohm (1pct)","","","","","${EXCLUDE_FROM_POS_FILES}","Resistor_SMD:R_0402_1005Metric",""
"R12,R13,R14,R19","4","100kohm","","","","","${EXCLUDE_FROM_POS_FILES}","Package_DIP:DIP-8_W7.62mm",""
"R15,R16,R17,R18","4","100ohm","","","","","${EXCLUDE_FROM_POS_FILES}","Package_DIP:DIP-8_W7.62mm",""
"SW1","1","SW_Push_Open","","","","","${EXCLUDE_FROM_POS_FILES}","Button_Switch_THT:SW_NKK_GW12LJP",""
